"Path","Folder","Extension","SizeKB","LastModified","ReviewNote"
"assets/CREDITS.md","assets",".md","7.1","2026-07-08 09:12:54","supporting asset"
"assets/REPORT.md","assets",".md","5.1","2026-07-07 19:31:54","supporting asset"
"assets/applications/bathroom-render.jpg","assets\applications",".jpg","184.6","2026-07-08 09:41:48","website visual; may be illustrative, check imageType and captions"
"assets/applications/bathroom-render.png","assets\applications",".png","2408.4","2026-06-29 11:52:38","website visual; may be illustrative, check imageType and captions"
"assets/applications/bathroom-render.webp","assets\applications",".webp","80.5","2026-07-08 09:41:48","website visual; may be illustrative, check imageType and captions"
"assets/applications/hospitality-render.jpg","assets\applications",".jpg","216.1","2026-07-08 09:41:48","website visual; may be illustrative, check imageType and captions"
"assets/applications/hospitality-render.png","assets\applications",".png","2164.8","2026-06-29 11:53:29","website visual; may be illustrative, check imageType and captions"
"assets/applications/hospitality-render.webp","assets\applications",".webp","108.8","2026-07-08 09:41:49","website visual; may be illustrative, check imageType and captions"
"assets/applications/hotel-bath-inspiration.jpg","assets\applications",".jpg","217.9","2026-07-08 09:41:49","website visual; may be illustrative, check imageType and captions"
"assets/applications/hotel-bath-inspiration.webp","assets\applications",".webp","103.1","2026-07-08 09:41:49","website visual; may be illustrative, check imageType and captions"
"assets/applications/hotel-lobby-inspiration.jpg","assets\applications",".jpg","324","2026-07-08 09:41:49","website visual; may be illustrative, check imageType and captions"
"assets/applications/hotel-lobby-inspiration.webp","assets\applications",".webp","245.4","2026-07-08 09:41:50","website visual; may be illustrative, check imageType and captions"
"assets/applications/kitchen-render.jpg","assets\applications",".jpg","165.2","2026-07-08 09:41:50","website visual; may be illustrative, check imageType and captions"
"assets/applications/kitchen-render.png","assets\applications",".png","2158.6","2026-06-29 11:51:50","website visual; may be illustrative, check imageType and captions"
"assets/applications/kitchen-render.webp","assets\applications",".webp","72.7","2026-07-08 09:41:50","website visual; may be illustrative, check imageType and captions"
"assets/applications/master-bath-inspiration.jpg","assets\applications",".jpg","223.9","2026-07-08 09:41:50","website visual; may be illustrative, check imageType and captions"
"assets/applications/master-bath-inspiration.webp","assets\applications",".webp","119.8","2026-07-08 09:41:51","website visual; may be illustrative, check imageType and captions"
"assets/applications/modern-kitchen-inspiration.jpg","assets\applications",".jpg","225.7","2026-07-08 09:41:51","website visual; may be illustrative, check imageType and captions"
"assets/applications/modern-kitchen-inspiration.webp","assets\applications",".webp","124.1","2026-07-08 09:41:51","website visual; may be illustrative, check imageType and captions"
"assets/applications/multifamily-bath-inspiration.jpg","assets\applications",".jpg","121.3","2026-07-08 09:41:51","website visual; may be illustrative, check imageType and captions"
"assets/applications/multifamily-bath-inspiration.webp","assets\applications",".webp","48","2026-07-08 09:41:52","website visual; may be illustrative, check imageType and captions"
"assets/applications/outdoor-terrace-table-inspiration.jpg","assets\applications",".jpg","354.5","2026-07-08 09:41:52","website visual; may be illustrative, check imageType and captions"
"assets/applications/outdoor-terrace-table-inspiration.webp","assets\applications",".webp","278.6","2026-07-08 09:41:52","website visual; may be illustrative, check imageType and captions"
"assets/applications/restaurant-counter-inspiration.jpg","assets\applications",".jpg","350.1","2026-07-08 09:41:52","website visual; may be illustrative, check imageType and captions"
"assets/applications/restaurant-counter-inspiration.webp","assets\applications",".webp","257","2026-07-08 09:41:53","website visual; may be illustrative, check imageType and captions"
"assets/applications/retail-showroom-inspiration.jpg","assets\applications",".jpg","300.6","2026-07-08 09:41:53","website visual; may be illustrative, check imageType and captions"
"assets/applications/retail-showroom-inspiration.webp","assets\applications",".webp","196.1","2026-07-08 09:41:54","website visual; may be illustrative, check imageType and captions"
"assets/brand/favicon.png","assets\brand",".png","1.3","2026-06-21 20:55:18","supporting asset"
"assets/brand/hero-stone-v2.jpg","assets\brand",".jpg","213.2","2026-07-08 09:41:54","supporting asset"
"assets/brand/hero-stone-v2.webp","assets\brand",".webp","116.5","2026-07-08 09:41:55","supporting asset"
"assets/brand/hero-stone.jpg","assets\brand",".jpg","77.8","2026-07-08 09:41:55","supporting asset"
"assets/brand/hero-stone.webp","assets\brand",".webp","35.9","2026-07-08 09:41:55","supporting asset"
"assets/brand/og-image.jpg","assets\brand",".jpg","66.8","2026-07-08 09:41:55","supporting asset"
"assets/brand/og-image.webp","assets\brand",".webp","27.2","2026-07-08 09:41:55","supporting asset"
"assets/colors/alpine-carrara.jpg","assets\colors",".jpg","91.3","2026-07-08 09:41:56","website visual; may be illustrative, check imageType and captions"
"assets/colors/alpine-carrara.png","assets\colors",".png","1702.5","2026-06-29 08:34:02","website visual; may be illustrative, check imageType and captions"
"assets/colors/alpine-carrara.webp","assets\colors",".webp","25","2026-07-08 09:41:56","website visual; may be illustrative, check imageType and captions"
"assets/colors/arctic-calcite.jpg","assets\colors",".jpg","135.8","2026-07-08 09:41:56","website visual; may be illustrative, check imageType and captions"
"assets/colors/arctic-calcite.webp","assets\colors",".webp","53.2","2026-07-08 09:41:56","website visual; may be illustrative, check imageType and captions"
"assets/colors/bianco-mist.jpg","assets\colors",".jpg","158","2026-07-08 09:41:56","website visual; may be illustrative, check imageType and captions"
"assets/colors/bianco-mist.webp","assets\colors",".webp","69.5","2026-07-08 09:41:57","website visual; may be illustrative, check imageType and captions"
"assets/colors/black-galaxy.jpg","assets\colors",".jpg","227.5","2026-07-08 09:41:57","website visual; may be illustrative, check imageType and captions"
"assets/colors/black-galaxy.webp","assets\colors",".webp","129","2026-07-08 09:41:57","website visual; may be illustrative, check imageType and captions"
"assets/colors/calacatta-crest.jpg","assets\colors",".jpg","68.4","2026-07-08 09:41:58","website visual; may be illustrative, check imageType and captions"
"assets/colors/calacatta-crest.png","assets\colors",".png","1611.4","2026-06-29 11:31:33","website visual; may be illustrative, check imageType and captions"
"assets/colors/calacatta-crest.webp","assets\colors",".webp","18.3","2026-07-08 09:41:58","website visual; may be illustrative, check imageType and captions"
"assets/colors/cloud-veil.jpg","assets\colors",".jpg","95.5","2026-07-08 09:41:58","website visual; may be illustrative, check imageType and captions"
"assets/colors/cloud-veil.png","assets\colors",".png","1907.9","2026-06-29 08:35:43","website visual; may be illustrative, check imageType and captions"
"assets/colors/cloud-veil.webp","assets\colors",".webp","22.6","2026-07-08 09:41:58","website visual; may be illustrative, check imageType and captions"
"assets/colors/crema-luna.jpg","assets\colors",".jpg","182.7","2026-07-08 09:41:58","website visual; may be illustrative, check imageType and captions"
"assets/colors/crema-luna.webp","assets\colors",".webp","93.1","2026-07-08 09:41:59","website visual; may be illustrative, check imageType and captions"
"assets/colors/dove-concrete.jpg","assets\colors",".jpg","293.2","2026-07-08 09:42:00","website visual; may be illustrative, check imageType and captions"
"assets/colors/dove-concrete.png","assets\colors",".png","2908.3","2026-06-29 11:33:42","website visual; may be illustrative, check imageType and captions"
"assets/colors/dove-concrete.webp","assets\colors",".webp","218.5","2026-07-08 09:42:00","website visual; may be illustrative, check imageType and captions"
"assets/colors/graphite-crystal.jpg","assets\colors",".jpg","461","2026-07-08 09:42:01","website visual; may be illustrative, check imageType and captions"
"assets/colors/graphite-crystal.png","assets\colors",".png","3849.3","2026-06-29 08:35:08","website visual; may be illustrative, check imageType and captions"
"assets/colors/graphite-crystal.webp","assets\colors",".webp","402.9","2026-07-08 09:42:02","website visual; may be illustrative, check imageType and captions"
"assets/colors/honey-travertine.jpg","assets\colors",".jpg","226","2026-07-08 09:42:02","website visual; may be illustrative, check imageType and captions"
"assets/colors/honey-travertine.webp","assets\colors",".webp","137.9","2026-07-08 09:42:02","website visual; may be illustrative, check imageType and captions"
"assets/colors/jade-river.jpg","assets\colors",".jpg","230.9","2026-07-08 09:42:02","website visual; may be illustrative, check imageType and captions"
"assets/colors/jade-river.webp","assets\colors",".webp","135.6","2026-07-08 09:42:03","website visual; may be illustrative, check imageType and captions"
"assets/colors/midnight-pearl.jpg","assets\colors",".jpg","208.9","2026-07-08 09:42:03","website visual; may be illustrative, check imageType and captions"
"assets/colors/midnight-pearl.webp","assets\colors",".webp","118","2026-07-08 09:42:03","website visual; may be illustrative, check imageType and captions"
"assets/colors/mist-grey.jpg","assets\colors",".jpg","209.4","2026-07-08 09:42:03","website visual; may be illustrative, check imageType and captions"
"assets/colors/mist-grey.webp","assets\colors",".webp","118.1","2026-07-08 09:42:04","website visual; may be illustrative, check imageType and captions"
"assets/colors/moss-agate.jpg","assets\colors",".jpg","209.8","2026-07-08 09:42:04","website visual; may be illustrative, check imageType and captions"
"assets/colors/moss-agate.webp","assets\colors",".webp","117.8","2026-07-08 09:42:05","website visual; may be illustrative, check imageType and captions"
"assets/colors/noir-marquina.jpg","assets\colors",".jpg","237.1","2026-07-08 09:42:05","website visual; may be illustrative, check imageType and captions"
"assets/colors/noir-marquina.webp","assets\colors",".webp","135.2","2026-07-08 09:42:05","website visual; may be illustrative, check imageType and captions"
"assets/colors/pearl-carrara.jpg","assets\colors",".jpg","182.3","2026-07-08 09:42:05","website visual; may be illustrative, check imageType and captions"
"assets/colors/pearl-carrara.webp","assets\colors",".webp","92.9","2026-07-08 09:42:05","website visual; may be illustrative, check imageType and captions"
"assets/colors/sage-verde.jpg","assets\colors",".jpg","143.7","2026-07-08 09:42:05","website visual; may be illustrative, check imageType and captions"
"assets/colors/sage-verde.webp","assets\colors",".webp","62.9","2026-07-08 09:42:06","website visual; may be illustrative, check imageType and captions"
"assets/colors/sand-dune.jpg","assets\colors",".jpg","68.6","2026-07-08 09:42:06","website visual; may be illustrative, check imageType and captions"
"assets/colors/sand-dune.webp","assets\colors",".webp","6.1","2026-07-08 09:42:06","website visual; may be illustrative, check imageType and captions"
"assets/colors/silver-ash.jpg","assets\colors",".jpg","438.2","2026-07-08 09:42:07","website visual; may be illustrative, check imageType and captions"
"assets/colors/silver-ash.png","assets\colors",".png","3425.9","2026-06-29 11:36:04","website visual; may be illustrative, check imageType and captions"
"assets/colors/silver-ash.webp","assets\colors",".webp","390","2026-07-08 09:42:08","website visual; may be illustrative, check imageType and captions"
"assets/colors/smoke-terrazzo.jpg","assets\colors",".jpg","232.6","2026-07-08 09:42:08","website visual; may be illustrative, check imageType and captions"
"assets/colors/smoke-terrazzo.webp","assets\colors",".webp","133","2026-07-08 09:42:08","website visual; may be illustrative, check imageType and captions"
"assets/colors/snow-drift.jpg","assets\colors",".jpg","143","2026-07-08 09:42:08","website visual; may be illustrative, check imageType and captions"
"assets/colors/snow-drift.webp","assets\colors",".webp","60.3","2026-07-08 09:42:09","website visual; may be illustrative, check imageType and captions"
"assets/colors/steel-cloud.jpg","assets\colors",".jpg","159.7","2026-07-08 09:42:09","website visual; may be illustrative, check imageType and captions"
"assets/colors/steel-cloud.webp","assets\colors",".webp","75","2026-07-08 09:42:09","website visual; may be illustrative, check imageType and captions"
"assets/colors/storm-basalt.jpg","assets\colors",".jpg","200.1","2026-07-08 09:42:09","website visual; may be illustrative, check imageType and captions"
"assets/colors/storm-basalt.webp","assets\colors",".webp","110.6","2026-07-08 09:42:10","website visual; may be illustrative, check imageType and captions"
"assets/colors/taupe-limestone.jpg","assets\colors",".jpg","68","2026-07-08 09:42:10","website visual; may be illustrative, check imageType and captions"
"assets/colors/taupe-limestone.webp","assets\colors",".webp","6.1","2026-07-08 09:42:10","website visual; may be illustrative, check imageType and captions"
"assets/colors/verde-forest.jpg","assets\colors",".jpg","351.1","2026-07-08 09:42:11","website visual; may be illustrative, check imageType and captions"
"assets/colors/verde-forest.png","assets\colors",".png","3017.6","2026-06-29 11:37:28","website visual; may be illustrative, check imageType and captions"
"assets/colors/verde-forest.webp","assets\colors",".webp","253.4","2026-07-08 09:42:11","website visual; may be illustrative, check imageType and captions"
"assets/colors/warm-ivory.jpg","assets\colors",".jpg","85.2","2026-07-08 09:42:12","website visual; may be illustrative, check imageType and captions"
"assets/colors/warm-ivory.png","assets\colors",".png","1807","2026-06-29 08:36:50","website visual; may be illustrative, check imageType and captions"
"assets/colors/warm-ivory.webp","assets\colors",".webp","23.8","2026-07-08 09:42:12","website visual; may be illustrative, check imageType and captions"
"assets/edges/bevel-render.jpg","assets\edges",".jpg","69.2","2026-07-08 09:42:12","supporting asset"
"assets/edges/bevel-render.png","assets\edges",".png","1464.1","2026-06-29 11:49:05","supporting asset"
"assets/edges/bevel-render.webp","assets\edges",".webp","16.1","2026-07-08 09:42:13","supporting asset"
"assets/edges/bullnose-render.jpg","assets\edges",".jpg","48.3","2026-07-08 09:42:13","supporting asset"
"assets/edges/bullnose-render.png","assets\edges",".png","1196.5","2026-06-29 11:50:18","supporting asset"
"assets/edges/bullnose-render.webp","assets\edges",".webp","11.9","2026-07-08 09:42:13","supporting asset"
"assets/edges/eased-render.jpg","assets\edges",".jpg","50","2026-07-08 09:42:14","supporting asset"
"assets/edges/eased-render.png","assets\edges",".png","1342.5","2026-06-29 11:44:34","supporting asset"
"assets/edges/eased-render.webp","assets\edges",".webp","14.5","2026-07-08 09:42:14","supporting asset"
"assets/edges/mitered-render.jpg","assets\edges",".jpg","65.1","2026-07-08 09:42:14","supporting asset"
"assets/edges/mitered-render.png","assets\edges",".png","1353.5","2026-06-29 11:50:51","supporting asset"
"assets/edges/mitered-render.webp","assets\edges",".webp","18.9","2026-07-08 09:42:14","supporting asset"
"assets/edges/ogee-render.jpg","assets\edges",".jpg","88.3","2026-07-08 09:42:15","supporting asset"
"assets/edges/ogee-render.png","assets\edges",".png","1740.9","2026-06-29 11:48:12","supporting asset"
"assets/edges/ogee-render.webp","assets\edges",".webp","22.4","2026-07-08 09:42:15","supporting asset"
"assets/edges/waterfall-render.jpg","assets\edges",".jpg","64","2026-07-08 09:42:15","supporting asset"
"assets/edges/waterfall-render.png","assets\edges",".png","1517","2026-06-29 11:49:29","supporting asset"
"assets/edges/waterfall-render.webp","assets\edges",".webp","18.4","2026-07-08 09:42:16","supporting asset"
"assets/equipment/bridge-saw.svg","assets\equipment",".svg","0.6","2026-06-29 21:32:42","supporting asset"
"assets/equipment/cnc-router.svg","assets\equipment",".svg","0.6","2026-06-29 21:32:42","supporting asset"
"assets/equipment/edge-polishing.svg","assets\equipment",".svg","0.6","2026-06-29 21:32:42","supporting asset"
"assets/equipment/flow.svg","assets\equipment",".svg","1.5","2026-06-29 21:32:42","supporting asset"
"assets/equipment/heating-machine-illustrative.jpg","assets\equipment",".jpg","225.8","2026-07-08 09:42:16","website visual; may be illustrative, check imageType and captions"
"assets/equipment/heating-machine-illustrative.webp","assets\equipment",".webp","123.7","2026-07-08 09:42:16","website visual; may be illustrative, check imageType and captions"
"assets/equipment/heating-machine.svg","assets\equipment",".svg","0.5","2026-07-07 18:38:25","website visual; may be illustrative, check imageType and captions"
"assets/equipment/packing.svg","assets\equipment",".svg","0.5","2026-06-29 21:32:42","supporting asset"
"assets/equipment/profiling.svg","assets\equipment",".svg","0.5","2026-06-29 21:32:42","supporting asset"
"assets/equipment/surface-polishing.svg","assets\equipment",".svg","0.7","2026-06-29 21:32:42","supporting asset"
"assets/factory/vietnam-factory-exterior.jpg","assets\factory",".jpg","388.6","2026-07-08 09:42:21","owner-supplied or factory media; verify exact claim in data/CREDITS"
"assets/factory/vietnam-factory-exterior.webp","assets\factory",".webp","296.6","2026-07-08 09:42:22","owner-supplied or factory media; verify exact claim in data/CREDITS"
"assets/factory/vietnam-factory-tour.mp4","assets\factory",".mp4","8503.2","2026-07-04 08:45:46","owner-supplied or factory media; verify exact claim in data/CREDITS"
"assets/factory/vietnam-production-hall.jpg","assets\factory",".jpg","42.4","2026-07-08 09:42:22","owner-supplied or factory media; verify exact claim in data/CREDITS"
"assets/factory/vietnam-production-hall.webp","assets\factory",".webp","29","2026-07-08 09:42:22","owner-supplied or factory media; verify exact claim in data/CREDITS"
"assets/factory/vietnam-vanity-qc-wide.jpg","assets\factory",".jpg","443.6","2026-07-08 09:42:22","owner-supplied or factory media; verify exact claim in data/CREDITS"
"assets/factory/vietnam-vanity-qc-wide.webp","assets\factory",".webp","297.2","2026-07-08 09:42:23","owner-supplied or factory media; verify exact claim in data/CREDITS"
"assets/factory/vietnam-vanity-qc.jpg","assets\factory",".jpg","598.9","2026-07-08 09:42:23","owner-supplied or factory media; verify exact claim in data/CREDITS"
"assets/factory/vietnam-vanity-qc.webp","assets\factory",".webp","342.6","2026-07-08 09:42:24","owner-supplied or factory media; verify exact claim in data/CREDITS"
"assets/finishes/honed-render.jpg","assets\finishes",".jpg","83.3","2026-07-08 09:42:25","supporting asset"
"assets/finishes/honed-render.png","assets\finishes",".png","1575.9","2026-06-29 11:40:44","supporting asset"
"assets/finishes/honed-render.webp","assets\finishes",".webp","22","2026-07-08 09:42:25","supporting asset"
"assets/finishes/leathered-render.jpg","assets\finishes",".jpg","285","2026-07-08 09:42:25","supporting asset"
"assets/finishes/leathered-render.png","assets\finishes",".png","3040.8","2026-06-29 11:43:07","supporting asset"
"assets/finishes/leathered-render.webp","assets\finishes",".webp","211.8","2026-07-08 09:42:26","supporting asset"
"assets/finishes/polished-render.jpg","assets\finishes",".jpg","258.4","2026-07-08 09:42:27","supporting asset"
"assets/finishes/polished-render.png","assets\finishes",".png","2813.1","2026-06-29 11:39:28","supporting asset"
"assets/finishes/polished-render.webp","assets\finishes",".webp","173.2","2026-07-08 09:42:27","supporting asset"
"assets/gallery/vietnam/factory-01.jpg","assets\gallery\vietnam",".jpg","452","2026-07-08 09:42:52","owner-supplied or factory media; verify exact claim in data/CREDITS"
"assets/gallery/vietnam/factory-01.webp","assets\gallery\vietnam",".webp","389.3","2026-07-08 09:42:53","owner-supplied or factory media; verify exact claim in data/CREDITS"
"assets/gallery/vietnam/factory-02.jpg","assets\gallery\vietnam",".jpg","375.4","2026-07-08 09:42:53","owner-supplied or factory media; verify exact claim in data/CREDITS"
"assets/gallery/vietnam/factory-02.webp","assets\gallery\vietnam",".webp","290.4","2026-07-08 09:42:54","owner-supplied or factory media; verify exact claim in data/CREDITS"
"assets/gallery/vietnam/factory-03.jpg","assets\gallery\vietnam",".jpg","384.3","2026-07-08 09:42:54","owner-supplied or factory media; verify exact claim in data/CREDITS"
"assets/gallery/vietnam/factory-03.webp","assets\gallery\vietnam",".webp","308.1","2026-07-08 09:42:54","owner-supplied or factory media; verify exact claim in data/CREDITS"
"assets/gallery/vietnam/factory-04.jpg","assets\gallery\vietnam",".jpg","187.5","2026-07-08 09:42:54","owner-supplied or factory media; verify exact claim in data/CREDITS"
"assets/gallery/vietnam/factory-04.webp","assets\gallery\vietnam",".webp","129.9","2026-07-08 09:42:55","owner-supplied or factory media; verify exact claim in data/CREDITS"
"assets/gallery/vietnam/factory-05.jpg","assets\gallery\vietnam",".jpg","408.4","2026-07-08 09:42:55","owner-supplied or factory media; verify exact claim in data/CREDITS"
"assets/gallery/vietnam/factory-05.webp","assets\gallery\vietnam",".webp","325.4","2026-07-08 09:42:56","owner-supplied or factory media; verify exact claim in data/CREDITS"
"assets/gallery/vietnam/factory-06.jpg","assets\gallery\vietnam",".jpg","435.7","2026-07-08 09:42:56","owner-supplied or factory media; verify exact claim in data/CREDITS"
"assets/gallery/vietnam/factory-06.webp","assets\gallery\vietnam",".webp","399.3","2026-07-08 09:42:56","owner-supplied or factory media; verify exact claim in data/CREDITS"
"assets/gallery/vietnam/vanity-01.jpg","assets\gallery\vietnam",".jpg","48.8","2026-07-08 09:42:56","owner-supplied or factory media; verify exact claim in data/CREDITS"
"assets/gallery/vietnam/vanity-01.webp","assets\gallery\vietnam",".webp","39.5","2026-07-08 09:42:56","owner-supplied or factory media; verify exact claim in data/CREDITS"
"assets/gallery/vietnam/vanity-02.jpg","assets\gallery\vietnam",".jpg","43.2","2026-07-08 09:42:56","owner-supplied or factory media; verify exact claim in data/CREDITS"
"assets/gallery/vietnam/vanity-02.webp","assets\gallery\vietnam",".webp","39.2","2026-07-08 09:42:57","owner-supplied or factory media; verify exact claim in data/CREDITS"
"assets/gallery/vietnam/vanity-03.jpg","assets\gallery\vietnam",".jpg","46.9","2026-07-08 09:42:57","owner-supplied or factory media; verify exact claim in data/CREDITS"
"assets/gallery/vietnam/vanity-03.webp","assets\gallery\vietnam",".webp","40.3","2026-07-08 09:42:57","owner-supplied or factory media; verify exact claim in data/CREDITS"
"assets/gallery/vietnam/vanity-04.jpg","assets\gallery\vietnam",".jpg","49.1","2026-07-08 09:42:57","owner-supplied or factory media; verify exact claim in data/CREDITS"
"assets/gallery/vietnam/vanity-04.webp","assets\gallery\vietnam",".webp","41.1","2026-07-08 09:42:57","owner-supplied or factory media; verify exact claim in data/CREDITS"
"assets/gallery/vietnam/vanity-05.jpg","assets\gallery\vietnam",".jpg","149.7","2026-07-08 09:42:57","owner-supplied or factory media; verify exact claim in data/CREDITS"
"assets/gallery/vietnam/vanity-05.webp","assets\gallery\vietnam",".webp","128.8","2026-07-08 09:42:57","owner-supplied or factory media; verify exact claim in data/CREDITS"
"assets/materials/engineered-marble-texture.jpg","assets\materials",".jpg","67.1","2026-07-08 09:42:27","supporting asset"
"assets/materials/engineered-marble-texture.webp","assets\materials",".webp","27.9","2026-07-08 09:42:27","supporting asset"
"assets/materials/engineered-marble-v2.jpg","assets\materials",".jpg","85.2","2026-07-08 09:42:28","supporting asset"
"assets/materials/engineered-marble-v2.png","assets\materials",".png","1807","2026-06-29 08:36:50","supporting asset"
"assets/materials/engineered-marble-v2.webp","assets\materials",".webp","23.8","2026-07-08 09:42:28","supporting asset"
"assets/materials/granite-texture.jpg","assets\materials",".jpg","70.5","2026-07-08 09:42:28","supporting asset"
"assets/materials/granite-texture.webp","assets\materials",".webp","31.5","2026-07-08 09:42:28","supporting asset"
"assets/materials/granite-v2.jpg","assets\materials",".jpg","461","2026-07-08 09:42:29","supporting asset"
"assets/materials/granite-v2.png","assets\materials",".png","3849.3","2026-06-29 08:35:08","supporting asset"
"assets/materials/granite-v2.webp","assets\materials",".webp","402.9","2026-07-08 09:42:30","supporting asset"
"assets/materials/quartz-texture.jpg","assets\materials",".jpg","72.4","2026-07-08 09:42:30","supporting asset"
"assets/materials/quartz-texture.webp","assets\materials",".webp","32.5","2026-07-08 09:42:30","supporting asset"
"assets/materials/quartz-v2.jpg","assets\materials",".jpg","95.5","2026-07-08 09:42:31","supporting asset"
"assets/materials/quartz-v2.png","assets\materials",".png","1907.9","2026-06-29 08:35:43","supporting asset"
"assets/materials/quartz-v2.webp","assets\materials",".webp","22.6","2026-07-08 09:42:31","supporting asset"
"assets/materials/white-marble-texture.jpg","assets\materials",".jpg","58.4","2026-07-08 09:42:31","supporting asset"
"assets/materials/white-marble-texture.webp","assets\materials",".webp","23.6","2026-07-08 09:42:31","supporting asset"
"assets/materials/white-marble-v2.jpg","assets\materials",".jpg","91.3","2026-07-08 09:42:32","supporting asset"
"assets/materials/white-marble-v2.png","assets\materials",".png","1702.5","2026-06-29 08:34:02","supporting asset"
"assets/materials/white-marble-v2.webp","assets\materials",".webp","25","2026-07-08 09:42:32","supporting asset"
"assets/news/prepare-stone-rfq-drawings.jpg","assets\news",".jpg","233.1","2026-07-08 09:42:32","website visual; may be illustrative, check imageType and captions"
"assets/news/prepare-stone-rfq-drawings.webp","assets\news",".webp","130.2","2026-07-08 09:42:32","website visual; may be illustrative, check imageType and captions"
"assets/news/stone-sample-approval-checklist.jpg","assets\news",".jpg","238.6","2026-07-08 09:42:33","website visual; may be illustrative, check imageType and captions"
"assets/news/stone-sample-approval-checklist.webp","assets\news",".webp","139.8","2026-07-08 09:42:33","website visual; may be illustrative, check imageType and captions"
"assets/news/trade-show-visit-draft.jpg","assets\news",".jpg","249","2026-07-08 09:42:33","website visual; may be illustrative, check imageType and captions"
"assets/news/trade-show-visit-draft.webp","assets\news",".webp","140.9","2026-07-08 09:42:33","website visual; may be illustrative, check imageType and captions"
"assets/products/kitchen-countertop-render-v2.jpg","assets\products",".jpg","151","2026-07-08 09:42:34","website visual; may be illustrative, check imageType and captions"
"assets/products/kitchen-countertop-render-v2.png","assets\products",".png","2327.4","2026-06-29 08:40:47","website visual; may be illustrative, check imageType and captions"
"assets/products/kitchen-countertop-render-v2.webp","assets\products",".webp","51.1","2026-07-08 09:42:34","website visual; may be illustrative, check imageType and captions"
"assets/products/rectangular-table-render-v2.jpg","assets\products",".jpg","234.2","2026-07-08 09:42:35","website visual; may be illustrative, check imageType and captions"
"assets/products/rectangular-table-render-v2.png","assets\products",".png","2813.7","2026-06-29 08:49:53","website visual; may be illustrative, check imageType and captions"
"assets/products/rectangular-table-render-v2.webp","assets\products",".webp","156.1","2026-07-08 09:42:35","website visual; may be illustrative, check imageType and captions"
"assets/products/round-table-render-v2.jpg","assets\products",".jpg","135.7","2026-07-08 09:42:36","website visual; may be illustrative, check imageType and captions"
"assets/products/round-table-render-v2.png","assets\products",".png","1849.4","2026-06-29 08:42:09","website visual; may be illustrative, check imageType and captions"
"assets/products/round-table-render-v2.webp","assets\products",".webp","55.4","2026-07-08 09:42:36","website visual; may be illustrative, check imageType and captions"
"assets/products/sample-kit-render-v2.jpg","assets\products",".jpg","159","2026-07-08 09:42:37","website visual; may be illustrative, check imageType and captions"
"assets/products/sample-kit-render-v2.png","assets\products",".png","2360.9","2026-06-29 08:50:52","website visual; may be illustrative, check imageType and captions"
"assets/products/sample-kit-render-v2.webp","assets\products",".webp","70.2","2026-07-08 09:42:37","website visual; may be illustrative, check imageType and captions"
"assets/products/vanity-double-render-v2.jpg","assets\products",".jpg","122.4","2026-07-08 09:42:37","website visual; may be illustrative, check imageType and captions"
"assets/products/vanity-double-render-v2.png","assets\products",".png","2158.9","2026-06-29 08:39:40","website visual; may be illustrative, check imageType and captions"
"assets/products/vanity-double-render-v2.webp","assets\products",".webp","42.4","2026-07-08 09:42:38","website visual; may be illustrative, check imageType and captions"
"assets/products/vanity-single-render-v2.jpg","assets\products",".jpg","108.8","2026-07-08 09:42:38","website visual; may be illustrative, check imageType and captions"
"assets/products/vanity-single-render-v2.png","assets\products",".png","2211.3","2026-06-29 08:37:55","website visual; may be illustrative, check imageType and captions"
"assets/products/vanity-single-render-v2.webp","assets\products",".webp","30.9","2026-07-08 09:42:38","website visual; may be illustrative, check imageType and captions"
"assets/products/WR-CB-render-v3.jpg","assets\products",".jpg","62.4","2026-07-08 09:42:38","website visual; may be illustrative, check imageType and captions"
"assets/products/WR-CB-render-v3.webp","assets\products",".webp","17.8","2026-07-08 09:42:39","website visual; may be illustrative, check imageType and captions"
"assets/products/WR-CB-render.jpg","assets\products",".jpg","40.2","2026-07-08 09:42:39","website visual; may be illustrative, check imageType and captions"
"assets/products/WR-CB-render.webp","assets\products",".webp","15.3","2026-07-08 09:42:39","website visual; may be illustrative, check imageType and captions"
"assets/products/WR-FR-OT-render-v3.jpg","assets\products",".jpg","50.7","2026-07-08 09:42:39","website visual; may be illustrative, check imageType and captions"
"assets/products/WR-FR-OT-render-v3.webp","assets\products",".webp","17.9","2026-07-08 09:42:39","website visual; may be illustrative, check imageType and captions"
"assets/products/WR-FR-OT-render.jpg","assets\products",".jpg","38.6","2026-07-08 09:42:39","website visual; may be illustrative, check imageType and captions"
"assets/products/WR-FR-OT-render.webp","assets\products",".webp","14.2","2026-07-08 09:42:39","website visual; may be illustrative, check imageType and captions"
"assets/products/WR-FR-RM-render-v3.jpg","assets\products",".jpg","48.7","2026-07-08 09:42:39","website visual; may be illustrative, check imageType and captions"
"assets/products/WR-FR-RM-render-v3.webp","assets\products",".webp","14","2026-07-08 09:42:40","website visual; may be illustrative, check imageType and captions"
"assets/products/WR-FR-RM-render.jpg","assets\products",".jpg","38.6","2026-07-08 09:42:40","website visual; may be illustrative, check imageType and captions"
"assets/products/WR-FR-RM-render.webp","assets\products",".webp","14.2","2026-07-08 09:42:40","website visual; may be illustrative, check imageType and captions"
"assets/products/WR-HT-render-v3.jpg","assets\products",".jpg","61.9","2026-07-08 09:42:40","website visual; may be illustrative, check imageType and captions"
"assets/products/WR-HT-render-v3.webp","assets\products",".webp","18.8","2026-07-08 09:42:40","website visual; may be illustrative, check imageType and captions"
"assets/products/WR-HT-render.jpg","assets\products",".jpg","40.2","2026-07-08 09:42:40","website visual; may be illustrative, check imageType and captions"
"assets/products/WR-HT-render.webp","assets\products",".webp","15.3","2026-07-08 09:42:40","website visual; may be illustrative, check imageType and captions"
"assets/products/WR-KT-NS-render-v3.jpg","assets\products",".jpg","47","2026-07-08 09:42:40","website visual; may be illustrative, check imageType and captions"
"assets/products/WR-KT-NS-render-v3.webp","assets\products",".webp","14.9","2026-07-08 09:42:41","website visual; may be illustrative, check imageType and captions"
"assets/products/WR-KT-NS-render.jpg","assets\products",".jpg","38.6","2026-07-08 09:42:41","website visual; may be illustrative, check imageType and captions"
"assets/products/WR-KT-NS-render.webp","assets\products",".webp","14.6","2026-07-08 09:42:41","website visual; may be illustrative, check imageType and captions"
"assets/products/WR-KT-QC-render-v3.jpg","assets\products",".jpg","59","2026-07-08 09:42:41","website visual; may be illustrative, check imageType and captions"
"assets/products/WR-KT-QC-render-v3.webp","assets\products",".webp","19.8","2026-07-08 09:42:41","website visual; may be illustrative, check imageType and captions"
"assets/products/WR-KT-QC-render.jpg","assets\products",".jpg","38.6","2026-07-08 09:42:41","website visual; may be illustrative, check imageType and captions"
"assets/products/WR-KT-QC-render.webp","assets\products",".webp","14.6","2026-07-08 09:42:41","website visual; may be illustrative, check imageType and captions"
"assets/products/WR-SM-render-v3.jpg","assets\products",".jpg","45.4","2026-07-08 09:42:41","website visual; may be illustrative, check imageType and captions"
"assets/products/WR-SM-render-v3.webp","assets\products",".webp","15.7","2026-07-08 09:42:42","website visual; may be illustrative, check imageType and captions"
"assets/products/WR-SM-render.jpg","assets\products",".jpg","38.6","2026-07-08 09:42:42","website visual; may be illustrative, check imageType and captions"
"assets/products/WR-SM-render.webp","assets\products",".webp","14.6","2026-07-08 09:42:42","website visual; may be illustrative, check imageType and captions"
"assets/products/WR-VT24-photo.jpg","assets\products",".jpg","40.6","2026-07-08 09:42:42","website visual; may be illustrative, check imageType and captions"
"assets/products/WR-VT24-photo.webp","assets\products",".webp","27.9","2026-07-08 09:42:42","website visual; may be illustrative, check imageType and captions"
"assets/products/WR-VT24-render-v3.jpg","assets\products",".jpg","51.2","2026-07-08 09:42:42","website visual; may be illustrative, check imageType and captions"
"assets/products/WR-VT24-render-v3.webp","assets\products",".webp","13.8","2026-07-08 09:42:42","website visual; may be illustrative, check imageType and captions"
"assets/products/WR-VT24-render.jpg","assets\products",".jpg","40.2","2026-07-08 09:42:42","website visual; may be illustrative, check imageType and captions"
"assets/products/WR-VT24-render.webp","assets\products",".webp","15.3","2026-07-08 09:42:42","website visual; may be illustrative, check imageType and captions"
"assets/products/WR-VT31-render-langlingfeng.webp","assets\products",".webp","15.3","2026-07-08 09:42:43","website visual; may be illustrative, check imageType and captions"
"assets/products/WR-VT31-render-v3.jpg","assets\products",".jpg","53.7","2026-07-08 09:42:42","website visual; may be illustrative, check imageType and captions"
"assets/products/WR-VT31-render-v3.webp","assets\products",".webp","15.9","2026-07-08 09:42:43","website visual; may be illustrative, check imageType and captions"
"assets/products/WR-VT31-render.jpg","assets\products",".jpg","40.2","2026-07-08 09:42:43","website visual; may be illustrative, check imageType and captions"
"assets/products/WR-VT31-render.webp","assets\products",".webp","15.3","2026-07-07 18:49:45","website visual; may be illustrative, check imageType and captions"
"assets/products/WR-VT49-render-v3.jpg","assets\products",".jpg","57.7","2026-07-08 09:42:43","website visual; may be illustrative, check imageType and captions"
"assets/products/WR-VT49-render-v3.webp","assets\products",".webp","18.5","2026-07-08 09:42:43","website visual; may be illustrative, check imageType and captions"
"assets/products/WR-VT49-render.jpg","assets\products",".jpg","40.2","2026-07-08 09:42:43","website visual; may be illustrative, check imageType and captions"
"assets/products/WR-VT49-render.webp","assets\products",".webp","15.3","2026-07-08 09:42:43","website visual; may be illustrative, check imageType and captions"
"assets/products/WR-VT61D-render-v3.jpg","assets\products",".jpg","64.6","2026-07-08 09:42:43","website visual; may be illustrative, check imageType and captions"
"assets/products/WR-VT61D-render-v3.webp","assets\products",".webp","20.5","2026-07-08 09:42:44","website visual; may be illustrative, check imageType and captions"
"assets/products/WR-VT61D-render.jpg","assets\products",".jpg","40.2","2026-07-08 09:42:44","website visual; may be illustrative, check imageType and captions"
"assets/products/WR-VT61D-render.webp","assets\products",".webp","15.3","2026-07-08 09:42:44","website visual; may be illustrative, check imageType and captions"
"assets/projects/commercial-reception-counter-render.jpg","assets\projects",".jpg","49.2","2026-07-08 09:42:44","supporting asset"
"assets/projects/commercial-reception-counter-render.webp","assets\projects",".webp","16.9","2026-07-08 09:42:44","supporting asset"
"assets/projects/hotel-vanity-program-render.jpg","assets\projects",".jpg","46.6","2026-07-08 09:42:44","supporting asset"
"assets/projects/hotel-vanity-program-render.webp","assets\projects",".webp","14.7","2026-07-08 09:42:44","supporting asset"
"assets/projects/multifamily-bath-program-render.jpg","assets\projects",".jpg","51.5","2026-07-08 09:42:44","supporting asset"
"assets/projects/multifamily-bath-program-render.webp","assets\projects",".webp","18.3","2026-07-08 09:42:44","supporting asset"
"assets/resources/california-proposition-65-notice.pdf","assets\resources",".pdf","73.5","2026-07-07 18:38:26","download/resource document"
"assets/resources/certifications-and-test-reports.pdf","assets\resources",".pdf","71.8","2026-07-07 18:38:26","download/resource document"
"assets/resources/crystalline-silica-fabrication-safety.pdf","assets\resources",".pdf","80.3","2026-07-07 18:38:26","download/resource document"
"assets/resources/stone-care-and-maintenance-guide.pdf","assets\resources",".pdf","79.7","2026-07-07 18:38:26","download/resource document"
"assets/resources/warranty-statement.pdf","assets\resources",".pdf","78.4","2026-07-07 18:38:26","download/resource document"
"assets/resources/whiterock-product-catalog.pdf","assets\resources",".pdf","120.5","2026-07-07 18:38:26","download/resource document"
"assets/resources/colors/alpine-carrara-technical-sheet.pdf","assets\resources\colors",".pdf","83.9","2026-07-07 18:38:26","website visual; may be illustrative, check imageType and captions"
"assets/resources/colors/calacatta-crest-technical-sheet.pdf","assets\resources\colors",".pdf","84","2026-07-07 18:38:26","website visual; may be illustrative, check imageType and captions"
"assets/resources/colors/cloud-veil-technical-sheet.pdf","assets\resources\colors",".pdf","82","2026-07-07 18:38:26","website visual; may be illustrative, check imageType and captions"
"assets/resources/colors/dove-concrete-technical-sheet.pdf","assets\resources\colors",".pdf","82.4","2026-07-07 18:38:26","website visual; may be illustrative, check imageType and captions"
"assets/resources/colors/graphite-crystal-technical-sheet.pdf","assets\resources\colors",".pdf","84.7","2026-07-07 18:38:26","website visual; may be illustrative, check imageType and captions"
"assets/resources/colors/silver-ash-technical-sheet.pdf","assets\resources\colors",".pdf","81.9","2026-07-07 18:38:26","website visual; may be illustrative, check imageType and captions"
"assets/resources/colors/verde-forest-technical-sheet.pdf","assets\resources\colors",".pdf","83.3","2026-07-07 18:38:26","website visual; may be illustrative, check imageType and captions"
"assets/resources/colors/warm-ivory-technical-sheet.pdf","assets\resources\colors",".pdf","83.5","2026-07-07 18:38:26","website visual; may be illustrative, check imageType and captions"
"assets/resources/products/WR-CB-spec-sheet.pdf","assets\resources\products",".pdf","103.2","2026-07-07 18:38:26","website visual; may be illustrative, check imageType and captions"
"assets/resources/products/WR-FR-OT-spec-sheet.pdf","assets\resources\products",".pdf","104.2","2026-07-07 18:38:26","website visual; may be illustrative, check imageType and captions"
"assets/resources/products/WR-FR-RM-spec-sheet.pdf","assets\resources\products",".pdf","105.4","2026-07-07 18:38:26","website visual; may be illustrative, check imageType and captions"
"assets/resources/products/WR-HT-spec-sheet.pdf","assets\resources\products",".pdf","103.1","2026-07-07 18:38:26","website visual; may be illustrative, check imageType and captions"
"assets/resources/products/WR-KT-NS-spec-sheet.pdf","assets\resources\products",".pdf","106.5","2026-07-07 18:38:26","website visual; may be illustrative, check imageType and captions"
"assets/resources/products/WR-KT-QC-spec-sheet.pdf","assets\resources\products",".pdf","107.7","2026-07-07 18:38:26","website visual; may be illustrative, check imageType and captions"
"assets/resources/products/WR-SM-spec-sheet.pdf","assets\resources\products",".pdf","101.5","2026-07-07 18:38:26","website visual; may be illustrative, check imageType and captions"
"assets/resources/products/WR-VT24-spec-sheet.pdf","assets\resources\products",".pdf","107.4","2026-07-07 18:38:25","website visual; may be illustrative, check imageType and captions"
"assets/resources/products/WR-VT31-spec-sheet.pdf","assets\resources\products",".pdf","105.6","2026-07-07 18:38:25","website visual; may be illustrative, check imageType and captions"
"assets/resources/products/WR-VT49-spec-sheet.pdf","assets\resources\products",".pdf","102","2026-07-07 18:38:25","website visual; may be illustrative, check imageType and captions"
"assets/resources/products/WR-VT61D-spec-sheet.pdf","assets\resources\products",".pdf","104.1","2026-07-07 18:38:25","website visual; may be illustrative, check imageType and captions"
"assets/sustainability/stone-nature-illustrative.jpg","assets\sustainability",".jpg","336.8","2026-07-08 09:42:45","website visual; may be illustrative, check imageType and captions"
"assets/sustainability/stone-nature-illustrative.webp","assets\sustainability",".webp","266.1","2026-07-08 09:42:45","website visual; may be illustrative, check imageType and captions"
"assets/sustainability/wet-processing-illustrative.jpg","assets\sustainability",".jpg","308.3","2026-07-08 09:42:45","website visual; may be illustrative, check imageType and captions"
"assets/sustainability/wet-processing-illustrative.webp","assets\sustainability",".webp","220.6","2026-07-08 09:42:46","website visual; may be illustrative, check imageType and captions"
